{"_module": "oauth2client.client", "access_token": "ya29.GlsMBF2ItEwNor2XUZvowi1-GVGT3GAeShHAyaPgc7w4Jqjc33KehMMdGIE51DebOs1I0GD_iRpT3LY5e4s4pRUNHArwXWzE2MYmaQNDbEGIBxh5is_le32OS3-Y", "invalid": false, "token_info_uri": "https://www.googleapis.com/oauth2/v3/tokeninfo", "user_agent": "Drive API Python Quickstart", "client_secret": "K2Ljg5umugxBPs2_sgKuiS8w", "scopes": ["https://www.googleapis.com/auth/drive.file"], "_class": "OAuth2Credentials", "token_uri": "https://accounts.google.com/o/oauth2/token", "client_id": "406381623468-t6r45oi5umk1gorr1ja8mcqnqn5gre81.apps.googleusercontent.com", "token_response": {"refresh_token": "1/Wzuv0D5-anUS2lyx0q-2mWbwk9tr9zHtngjhi8756Hs", "expires_in": 3600, "access_token": "ya29.GlsMBF2ItEwNor2XUZvowi1-GVGT3GAeShHAyaPgc7w4Jqjc33KehMMdGIE51DebOs1I0GD_iRpT3LY5e4s4pRUNHArwXWzE2MYmaQNDbEGIBxh5is_le32OS3-Y", "token_type": "Bearer"}, "refresh_token": "1/Wzuv0D5-anUS2lyx0q-2mWbwk9tr9zHtngjhi8756Hs", "id_token": null, "token_expiry": "2017-03-12T18:47:17Z", "revoke_uri": "https://accounts.google.com/o/oauth2/revoke"}